"state","district","party","gender","nameid","icpsr.id","missingVotes","idealPoint","lo","up","label","indx","firstnm","lastnm"
"CA","13","D","F","L000551","29778",91,-2.14214712931208,-2.57390686872515,-1.65999878690556,"Lee (D CA-13)",1,"Barbara","Lee"
"CA","17","D","M","H001034","20103",12,-1.9428277430221,-2.36286189262053,-1.54891262540855,"Honda (D CA-17)",2,"Michael","Honda"
"WI","2","D","M","P000607","21370",13,-1.89701483317303,-2.29599035776551,-1.52228026740955,"Pocan (D WI-2)",3,"Mark","Pocan"
"IL","9","D","F","S001145","29911",18,-1.82016620043394,-2.16114480445077,-1.46535281297314,"Schakowsky (D IL-9)",4,"Jan","Schakowsky"
"GA","5","D","M","L000287","15431",70,-1.80366282263457,-2.23162226205227,-1.43719802501373,"Lewis (D GA-5)",5,"John","Lewis"
"NY","7","D","F","V000081","29378",15,-1.76226669036257,-2.10524456300895,-1.44224575163782,"Vel<U+00E1>zquez (D NY-7)",6,"Nydia","Velázquez"
"MA","2","D","M","M000312","29729",14,-1.71950304836667,-2.08112544905703,-1.38667317211489,"McGovern (D MA-2)",7,"Jim","McGovern"
"MD","8","D","M","V000128","20330",11,-1.66669155577163,-1.99425905512149,-1.36130119548714,"Van Hollen (D MD-8)",8,"Chris","Van Hollen"
"MD","3","D","M","S001168","20724",22,-1.66236247903846,-1.99299712801547,-1.37888305487306,"Sarbanes (D MD-3)",9,"John","Sarbanes"
"NY","9","D","F","C001067","20733",23,-1.6318625171109,-1.9336487427909,-1.32230949692339,"Clarke (D NY-9)",10,"Yvette","Clarke"
"NY","15","D","M","S000248","29134",5,-1.62605503257547,-1.93954217642379,-1.33663365293876,"Serrano (D NY-15)",11,"José","Serrano"
"CA","27","D","F","C001080","20955",49,-1.59963711537377,-1.89884968851454,-1.29308263505533,"Chu (D CA-27)",12,"Judy","Chu"
"MD","7","D","M","C000984","29587",28,-1.59408656717803,-1.88377711199242,-1.29618249063985,"Cummings (D MD-7)",13,"Elijah","Cummings"
"MI","13","D","M","C000714","10713",55,-1.59344520277961,-1.87903789535206,-1.31507760528148,"Conyers Jr. (D MI-13)",14,"John","Conyers Jr."
"NJ","12","D","F","W000822","",15,-1.59203504416152,-1.89841810224524,-1.28811273879145,"Watson Coleman (D NJ-12)",15,"Bonnie","Watson Coleman"
"CA","40","D","F","R000486","29317",19,-1.55994872184116,-1.85071403947953,-1.29710751613622,"Roybal-Allard (D CA-40)",16,"Lucille","Roybal-Allard"
"MN","5","D","M","E000288","20727",27,-1.55668919111224,-1.84048171542317,-1.27789546716869,"Ellison (D MN-5)",17,"Keith","Ellison"
"MA","5","D","F","C001101","",10,-1.54585565986828,-1.84036495033722,-1.29119993045116,"Clark (D MA-5)",18,"Katherine","Clark"
"CA","38","D","F","S001156","20310",17,-1.53422344941453,-1.81026414741818,-1.24248896246154,"Sanchez (D CA-38)",19,"Linda","Sanchez"
"AZ","7","D","M","G000574","",16,-1.50001807013088,-1.75258856189514,-1.2412580852203,"Gallego (D AZ-7)",20,"Ruben","Gallego"
"CA","11","D","M","D000623","",11,-1.49974650911551,-1.75524442394633,-1.22416283864571,"DeSaulnier (D CA-11)",21,"Mark","DeSaulnier"
"NY","10","D","M","N000002","29377",23,-1.49961134317868,-1.78597611107041,-1.26036656440552,"Nadler (D NY-10)",22,"Jerrold","Nadler"
"IL","4","D","M","G000535","29348",113,-1.49905965184683,-1.767449038936,-1.23229964747193,"Gutierrez (D IL-4)",23,"Luis","Gutierrez"
"WA","7","D","M","M000404","15613",20,-1.47682989910704,-1.7317116398921,-1.23961134352459,"McDermott (D WA-7)",24,"Jim","McDermott"
"CA","12","D","F","P000197","15448",50,-1.4650458687007,-1.72299900013151,-1.2305251269125,"Pelosi (D CA-12)",25,"Nancy","Pelosi"
"NY","8","D","M","J000294","21343",21,-1.43536575033472,-1.69388697024868,-1.18577282542927,"Jeffries (D NY-8)",26,"Hakeem","Jeffries"
"RI","1","D","M","C001084","21172",14,-1.42776728180276,-1.6863842876471,-1.19666802062511,"Cicilline (D RI-1)",27,"David","Cicilline"
"NJ","10","D","M","P000604","31103",169,-1.42154451315026,-1.68284771755791,-1.16069337354917,"Payne Jr. (D NJ-10)",28,"Donald","Payne Jr."
"NJ","6","D","M","P000034","15454",13,-1.41718880386066,-1.67578453654436,-1.17691937246066,"Pallone (D NJ-6)",29,"Frank","Pallone"
"CA","32","D","F","N000179","29903",31,-1.41251486216823,-1.64808401945303,-1.1746724456618,"Napolitano (D CA-32)",30,"Grace","Napolitano"
"NY","25","D","F","S000480","15444",36,-1.40909967070663,-1.63488473304832,-1.16947499972323,"Slaughter (D NY-25)",31,"Louise","Slaughter"
"MD","4","D","F","E000290","20763",22,-1.40150808111947,-1.63063717439842,-1.15635199321273,"Edwards (D MD-4)",32,"Donna","Edwards"
"NC","4","D","M","P000523","15438",22,-1.39759675387528,-1.64888767554917,-1.15396437912387,"Price (D NC-4)",33,"David","Price"
"CA","6","D","F","M001163","20538",8,-1.3656966059201,-1.59457891958827,-1.13453246166524,"Matsui (D CA-6)",34,"Doris","Matsui"
"CA","34","D","M","B000287","29316",39,-1.35912616607782,-1.5812907501728,-1.13006677040757,"Becerra (D CA-34)",35,"Xavier","Becerra"
"NY","20","D","M","T000469","20934",19,-1.35744207556243,-1.58230545992386,-1.14738241905161,"Tonko (D NY-20)",36,"Paul","Tonko"
"CA","43","D","F","W000187","29106",51,-1.35581246616931,-1.59070520501634,-1.14941900003689,"Waters (D CA-43)",37,"Maxine","Waters"
"CA","37","D","F","B001270","21110",57,-1.35324933842875,-1.61699823670016,-1.1522433236264,"Bass (D CA-37)",38,"Karen","Bass"
"CA","41","D","M","T000472","21312",6,-1.34994975137518,-1.58623798164103,-1.11959237548169,"Takano (D CA-41)",39,"Mark","Takano"
"NC","12","D","F","A000370","",76,-1.34775978695555,-1.59805464128662,-1.10772468358367,"Adams (D NC-12)",40,"Alma","Adams"
"AZ","3","D","M","G000551","20305",61,-1.33665172905611,-1.57698922239874,-1.12226568838281,"Grijalva (D AZ-3)",41,"Raúl","Grijalva"
"FL","24","D","F","W000808","21118",42,-1.3320300831305,-1.5774998716786,-1.12426516308891,"Wilson (D FL-24)",42,"Frederica","Wilson"
"CA","20","D","M","F000030","29313",11,-1.32932550030519,-1.52770616249263,-1.10151382087422,"Farr (D CA-20)",43,"Sam","Farr"
"KY","3","D","M","Y000062","20723",51,-1.32263738387924,-1.55938434494588,-1.09569657968841,"Yarmuth (D KY-3)",44,"John","Yarmuth"
"CO","1","D","F","D000197","29710",11,-1.31798449222829,-1.52138538223855,-1.10192126159007,"DeGette (D CO-1)",45,"Diana","DeGette"
"WI","4","D","F","M001160","20537",52,-1.31456157249395,-1.53857107029562,-1.10087007119356,"Moore (D WI-4)",46,"Gwen","Moore"
"IL","7","D","M","D000096","29717",38,-1.31339829151575,-1.53928625746975,-1.09125155107605,"Davis (D IL-7)",47,"Danny","Davis"
"MI","12","D","F","D000624","",35,-1.31317196973219,-1.54822606750101,-1.10789035586685,"Dingell (D MI-12)",48,"Debbie","Dingell"
"VA","3","D","M","S000185","39307",12,-1.3091016504218,-1.51771031278547,-1.07170260802748,"Scott (D VA-3)",49,"Robert","Scott"
"MA","4","D","M","K000379","21335",39,-1.29006787063146,-1.50046047152012,-1.07456388094194,"Kennedy III (D MA-4)",50,"Joseph","Kennedy III"
"ME","1","D","F","P000597","20920",15,-1.28591527870859,-1.50067929258965,-1.07655067090689,"Pingree (D ME-1)",51,"Chellie","Pingree"
"CA","18","D","F","E000215","29312",26,-1.28471271250088,-1.52122886668238,-1.08833929200766,"Eshoo (D CA-18)",52,"Anna","Eshoo"
"CA","14","D","F","S001175","20762",72,-1.27431492820936,-1.49845085840227,-1.07181303523391,"Speier (D CA-14)",53,"Jackie","Speier"
"CT","3","D","F","D000216","29109",39,-1.27253283855511,-1.48907053127444,-1.05288236654762,"DeLauro (D CT-3)",54,"Rosa","DeLauro"
"CA","2","D","M","H001068","21303",21,-1.27229110636109,-1.49254690570256,-1.06488543155351,"Huffman (D CA-2)",55,"Jared","Huffman"
"MA","3","D","F","T000465","20754",49,-1.26890877937108,-1.46853493803134,-1.06335102532056,"Tsongas (D MA-3)",56,"Niki","Tsongas"
"IL","1","D","M","R000515","29346",136,-1.26660020379972,-1.48347863865717,-1.05281534619632,"Rush (D IL-1)",57,"Bobby","Rush"
"CA","47","D","M","L000579","21313",8,-1.26462493212331,-1.47321665248631,-1.07098172342672,"Lowenthal (D CA-47)",58,"Alan","Lowenthal"
"CA","28","D","M","S001150","20104",7,-1.25196681271505,-1.45969404105084,-1.05360519334248,"Schiff (D CA-28)",59,"Adam","Schiff"
"CA","19","D","F","L000397","29504",79,-1.25193952439223,-1.47263324763702,-1.04479598500827,"Lofgren (D CA-19)",60,"Zoe","Lofgren"
"IL","2","D","F","K000385","21371",70,-1.24622159374137,-1.44143832697052,-1.04199706191371,"Kelly (D IL-2)",61,"Robin","Kelly"
"PA","2","D","M","F000043","29559",40,-1.24598851976427,-1.44622870009422,-1.0350131655977,"Fattah (D PA-2)",62,"Chaka","Fattah"
"FL","22","D","F","F000462","21321",17,-1.24593144683241,-1.45096153763758,-1.05271208115714,"Frankel (D FL-22)",63,"Lois","Frankel"
"MI","14","D","F","L000581","",16,-1.23733074624491,-1.43636197258646,-1.03645831373286,"Lawrence (D MI-14)",64,"Brenda","Lawrence"
"OR","1","D","F","B001278","21198",8,-1.23060696011065,-1.42340775765753,-1.04302266377283,"Bonamici (D OR-1)",65,"Suzanne","Bonamici"
"MO","5","D","M","C001061","20517",109,-1.23002779623418,-1.42977266866667,-1.03284006162515,"Cleaver II (D MO-5)",66,"Emanuel","Cleaver II"
"CA","24","D","F","C001036","29774",59,-1.22976423706816,-1.42219530277905,-1.02618185819932,"Capps (D CA-24)",67,"Lois","Capps"
"OH","11","D","F","F000455","20941",31,-1.22975696612451,-1.43508934879615,-1.04333923924668,"Fudge (D OH-11)",68,"Marcia","Fudge"
"MA","7","D","M","C001037","29919",20,-1.2293582213727,-1.42575958059788,-1.03262026188596,"Capuano (D MA-7)",69,"Michael","Capuano"
"MO","1","D","M","C001049","20147",27,-1.21587153698379,-1.42304953463011,-1.03942984873202,"Clay (D MO-1)",70,"William","Clay"
"MN","4","D","F","M001143","20122",22,-1.21552623451576,-1.42436465903195,-1.02670233324406,"McCollum (D MN-4)",71,"Betty","McCollum"
"MI","9","D","M","L000263","15033",23,-1.21249083584921,-1.40363602204109,-1.0157750827442,"Levin (D MI-9)",72,"Sander","Levin"
"MI","5","D","M","K000380","21372",38,-1.21124174896968,-1.40464424526233,-1.0100234775138,"Kildee (D MI-5)",73,"Dan","Kildee"
"FL","21","D","M","D000610","20959",66,-1.20979363482112,-1.40122858780737,-1.02594746774039,"Deutch (D FL-21)",74,"Ted","Deutch"
"FL","14","D","F","C001066","20708",21,-1.19904574200005,-1.4049618652653,-1.01279018940364,"Castor (D FL-14)",75,"Kathy","Castor"
"NY","13","D","M","R000053","13035",45,-1.1883358718343,-1.37846688033918,-1.00905992973072,"Rangel (D NY-13)",76,"Charles","Rangel"
"IN","7","D","M","C001072","20757",13,-1.18634650863017,-1.36797192682622,-0.996838336278784,"Carson (D IN-7)",77,"André","Carson"
"MD","5","D","M","H000874","14873",25,-1.18184900045092,-1.37136654998196,-0.996001208104858,"Hoyer (D MD-5)",78,"Steny","Hoyer"
"FL","20","D","M","H000324","29337",37,-1.17244781874324,-1.34913336529802,-0.98371232526596,"Hastings (D FL-20)",79,"Alcee","Hastings"
"WA","9","D","M","S000510","29768",153,-1.1599762651888,-1.36020628996088,-0.961722140734613,"Smith (D WA-9)",80,"Adam","Smith"
"VT","1","D","M","W000800","20750",24,-1.15506157432089,-1.35434266081819,-0.984154884324924,"Welch (D VT-1)",81,"Peter","Welch"
"MA","1","D","M","N000015","15616",27,-1.14066314109513,-1.34512120789411,-0.979804701673207,"Neal (D MA-1)",82,"Richard","Neal"
"CT","1","D","M","L000557","29908",38,-1.13871903660295,-1.3335277832762,-0.959852571522239,"Larson (D CT-1)",83,"John","Larson"
"CA","29","D","M","C001097","21309",47,-1.13827526074639,-1.30656333285754,-0.948188487398064,"Cardenas (D CA-29)",84,"Tony","Cardenas"
"GA","4","D","M","J000288","20712",32,-1.12776978309145,-1.31175935559736,-0.958320476460478,"Johnson (D GA-4)",85,"Hank","Johnson"
"CA","33","D","M","L000582","",40,-1.1275961724775,-1.30695972508701,-0.953355996685147,"Lieu (D CA-33)",86,"Ted","Lieu"
"PA","1","D","M","B001227","29777",52,-1.12682340183674,-1.30704635067935,-0.93691782872374,"Brady (D PA-1)",87,"Robert","Brady"
"CA","44","D","F","H001063","21195",11,-1.12456155040853,-1.31032656772744,-0.965647718068061,"Hahn (D CA-44)",88,"Janice","Hahn"
"TX","20","D","M","C001091","21362",11,-1.12234290762112,-1.29036589065632,-0.930721478501804,"Castro (D TX-20)",89,"Joaquin","Castro"
"NY","3","D","M","I000057","20129",22,-1.11552641662937,-1.29228782216947,-0.937948544287032,"Israel (D NY-3)",90,"Steve","Israel"
"NC","1","D","M","B001251","20340",27,-1.11405854219014,-1.2921530138602,-0.942844782755437,"Butterfield (D NC-1)",91,"G.","Butterfield"
"NY","14","D","M","C001038","29925",27,-1.11053114049879,-1.29872763807481,-0.943395998968986,"Crowley (D NY-14)",92,"Joseph","Crowley"
"NY","12","D","F","M000087","21344",44,-1.10977091409687,-1.27741935976329,-0.936921423397475,"Maloney (D NY-12)",93,"Carolyn","Maloney"
"HI","1","D","M","T000473","",123,-1.10716121485707,-1.30441224212623,-0.931697660318436,"Takai (D HI-1)",94,"Mark","Takai"
"FL","23","D","F","W000797","20504",79,-1.10673882450467,-1.27531761785584,-0.917265141817218,"Wasserman Schultz (D FL-23)",95,"Debbie","Wasserman Schultz"
"NY","26","D","M","H001038","20519",20,-1.10619824946622,-1.27692415564362,-0.943513493795296,"Higgins (D NY-26)",96,"Brian","Higgins"
"OH","3","D","F","B001281","21352",12,-1.08701630715978,-1.26964478719725,-0.92523181084008,"Beatty (D OH-3)",97,"Joyce","Beatty"
"NY","17","D","F","L000480","15612",18,-1.08383492527747,-1.25403376392214,-0.922124684399694,"Lowey (D NY-17)",98,"Nita","Lowey"
"TX","35","D","M","D000399","29571",15,-1.08296400044091,-1.25590960704964,-0.910428948415492,"Doggett (D TX-35)",99,"Lloyd","Doggett"
"NY","6","D","F","M001188","21342",37,-1.08083003426409,-1.25247852632885,-0.913744359532282,"Meng (D NY-6)",100,"Grace","Meng"
"CA","53","D","F","D000598","20108",5,-1.07561264674191,-1.24960745010196,-0.909901122776336,"Davis (D CA-53)",101,"Susan","Davis"
"CA","15","D","M","S001193","21306",12,-1.06725235100011,-1.22977123566786,-0.882095315749779,"Swalwell (D CA-15)",102,"Eric","Swalwell"
"NY","5","D","M","M001137","29776",126,-1.04534623277947,-1.21432108850712,-0.877433131091971,"Meeks (D NY-5)",103,"Gregory","Meeks"
"MS","2","D","M","T000193","29368",33,-1.03120458703201,-1.18277772149344,-0.856656869875876,"Thompson (D MS-2)",104,"Bennie","Thompson"
"CA","5","D","M","T000460","29901",38,-1.02434819520905,-1.19027047826605,-0.861163864090385,"Thompson (D CA-5)",105,"Mike","Thompson"
"TN","9","D","M","C001068","20748",18,-1.01937547560297,-1.18232202615727,-0.867200434232815,"Cohen (D TN-9)",106,"Steve","Cohen"
"CA","35","D","F","T000474","",9,-1.01751031484253,-1.17975838858519,-0.864319260818412,"Torres (D CA-35)",107,"Norma","Torres"
"NY","16","D","M","E000179","15603",58,-1.01749428639099,-1.18445746583345,-0.869661637721251,"Engel (D NY-16)",108,"Eliot","Engel"
"SC","6","D","M","C000537","39301",48,-1.0159413832439,-1.16579629894566,-0.852948171804762,"Clyburn (D SC-6)",109,"James","Clyburn"
"NJ","9","D","M","P000096","29741",20,-1.01298190817762,-1.15899612430886,-0.834845220994402,"Pascrell Jr. (D NJ-9)",110,"Bill","Pascrell Jr."
"CA","9","D","M","M001166","20702",24,-1.01195614695092,-1.17408082461536,-0.865163955006449,"McNerney (D CA-9)",111,"Jerry","McNerney"
"TX","18","D","F","J000032","29573",99,-1.01001427942855,-1.17269481161805,-0.851631887586693,"Jackson-Lee (D TX-18)",112,"Sheila","Jackson-Lee"
"CA","51","D","M","V000130","21314",12,-1.0049396787997,-1.15876470665759,-0.845439104365026,"Vargas (D CA-51)",113,"Juan","Vargas"
"OR","3","D","M","B000574","29588",17,-1.00275645680175,-1.15309256094253,-0.860308032909621,"Blumenauer (D OR-3)",114,"Earl","Blumenauer"
"MA","6","D","M","M001196","",6,-1.00002200675107,-1.15226465414669,-0.852975937123953,"Moulton (D MA-6)",115,"Seth","Moulton"
"PA","14","D","M","D000482","29561",37,-0.999572656376196,-1.15452211291457,-0.837598099023128,"Doyle (D PA-14)",116,"Mike","Doyle"
"RI","2","D","M","L000559","20136",18,-0.997056409940747,-1.15452545143616,-0.842689852688966,"Langevin (D RI-2)",117,"Jim","Langevin"
"VA","8","D","M","B001292","",17,-0.992602325132738,-1.15533049019789,-0.84063560281853,"Beyer (D VA-8)",118,"Donald","Beyer"
"CA","30","D","M","S000344","29707",11,-0.991272417457582,-1.14936980281151,-0.841476498219653,"Sherman (D CA-30)",119,"Brad","Sherman"
"TX","30","D","F","J000126","39305",47,-0.984601620876365,-1.13006250218606,-0.836383855856764,"Johnson (D TX-30)",120,"Eddie","Johnson"
"NM","3","D","M","L000570","20932",8,-0.969453333382956,-1.12328360452576,-0.828529149307818,"Lujan (D NM-3)",121,"Ben","Lujan"
"PA","17","D","M","C001090","21358",26,-0.963103259007309,-1.11332959377722,-0.818540718794295,"Cartwright (D PA-17)",122,"Matt","Cartwright"
"IN","1","D","M","V000108","15124",16,-0.953156247228239,-1.09592658588364,-0.810052640096557,"Visclosky (D IN-1)",123,"Peter","Visclosky"
"OH","13","D","M","R000577","20343",49,-0.951452113156435,-1.11048927882815,-0.815098317141276,"Ryan (D OH-13)",124,"Tim","Ryan"
"OH","9","D","F","K000009","15029",47,-0.945582225133416,-1.08018062790722,-0.799079052215525,"Kaptur (D OH-9)",125,"Marcy","Kaptur"
"FL","5","D","F","B000911","29328",29,-0.942832571186579,-1.09824872746565,-0.809131476884905,"Brown (D FL-5)",126,"Corrine","Brown"
"CT","2","D","M","C001069","20706",16,-0.940877059534732,-1.08257008909186,-0.799153163229456,"Courtney (D CT-2)",127,"Joe","Courtney"
"IL","5","D","M","Q000023","20954",21,-0.938882358477462,-1.08948409140929,-0.790845647381529,"Quigley (D IL-5)",128,"Mike","Quigley"
"TX","9","D","M","G000553","20529",32,-0.93857848919576,-1.10499157680602,-0.808138997295147,"Green (D TX-9)",129,"Al","Green"
"LA","2","D","M","R000588","21137",47,-0.937535566445384,-1.09056212790989,-0.799803471935773,"Richmond (D LA-2)",130,"Cedric","Richmond"
"WA","10","D","M","H001064","21369",10,-0.93750289528564,-1.08443461154077,-0.796455487747722,"Heck (D WA-10)",131,"Denny","Heck"
"WA","1","D","F","D000617","31101",5,-0.937178107216793,-1.08092975950489,-0.800325433477832,"DelBene (D WA-1)",132,"Suzan","DelBene"
"CT","5","D","F","E000293","21316",10,-0.929347185641831,-1.06782862978955,-0.785766310425396,"Esty (D CT-5)",133,"Elizabeth","Esty"
"PA","13","D","M","B001296","",49,-0.92744622694069,-1.0804303508275,-0.796706996564325,"Boyle (D PA-13)",134,"Brendan","Boyle"
"CA","46","D","F","S000030","29709",148,-0.925064830232964,-1.0856331649907,-0.79004747642933,"Sanchez (D CA-46)",135,"Loretta","Sanchez"
"MA","8","D","M","L000562","20119",22,-0.905555496110234,-1.04175742885996,-0.767210604280373,"Lynch (D MA-8)",136,"Stephen","Lynch"
"TX","33","D","M","V000131","21365",6,-0.897578175329384,-1.04350182266343,-0.771474334786369,"Veasey (D TX-33)",137,"Marc","Veasey"
"IL","11","D","M","F000454","20749",10,-0.894225139004359,-1.02663262789408,-0.762711065696233,"Foster (D IL-11)",138,"Bill","Foster"
"NJ","8","D","M","S001165","20542",37,-0.890777087767101,-1.02473494449422,-0.759664214298759,"Sires (D NJ-8)",139,"Albio","Sires"
"WA","6","D","M","K000381","21368",5,-0.883309103909465,-1.02575959116183,-0.759777431258996,"Kilmer (D WA-6)",140,"Derek","Kilmer"
"MA","9","D","M","K000375","21140",27,-0.881823173434819,-1.02640280751273,-0.754411820544591,"Keating (D MA-9)",141,"Bill","Keating"
"MN","8","D","M","N000127","14263",34,-0.878972336322773,-1.01960739368313,-0.746796140911283,"Nolan (D MN-8)",142,"Rick","Nolan"
"IA","2","D","M","L000565","20720",19,-0.878622366621454,-1.02367088026134,-0.756275463188095,"Loebsack (D IA-2)",143,"Dave","Loebsack"
"TX","16","D","M","O000170","21361",22,-0.862195243273375,-0.995197543488562,-0.728657593153133,"O'Rourke (D TX-16)",144,"Beto","O'Rourke"
"NV","1","D","F","T000468","20927",47,-0.861722868232322,-1.00306461634207,-0.737406604932973,"Titus (D NV-1)",145,"Dina","Titus"
"CT","4","D","M","H001047","20907",9,-0.858967777562282,-0.987146947536857,-0.731703352042533,"Himes (D CT-4)",146,"Jim","Himes"
"HI","2","D","F","G000571","21324",10,-0.858757976979084,-0.985137034260782,-0.735659889561224,"Gabbard (D HI-2)",147,"Tulsi","Gabbard"
"VA","11","D","M","C001078","20952",7,-0.85599159673559,-0.992367144250339,-0.739508535181635,"Connolly (D VA-11)",148,"Gerald","Connolly"
"IL","8","D","F","D000622","21325",84,-0.850971514986168,-0.986554338492171,-0.716050575930994,"Duckworth (D IL-8)",149,"Tammy","Duckworth"
"DE","1","D","M","C001083","21113",20,-0.845947480904708,-0.973628531144206,-0.716943162136965,"Carney (D DE-1)",150,"John","Carney"
"NM","1","D","F","L000580","21341",51,-0.826840773955921,-0.955632561542226,-0.703676089176164,"Lujan Grisham (D NM-1)",151,"Michelle","Lujan Grisham"
"CA","3","D","M","G000559","20958",40,-0.813766390644963,-0.952428128602574,-0.700901730281332,"Garamendi (D CA-3)",152,"John","Garamendi"
"WA","2","D","M","L000560","20145",12,-0.808345249663919,-0.929681650820049,-0.689242553541423,"Larsen (D WA-2)",153,"Rick","Larsen"
"NY","4","D","F","R000602","",25,-0.803769213496403,-0.925613582005016,-0.686941769293231,"Rice (D NY-4)",154,"Kathleen","Rice"
"NH","2","D","F","K000382","21340",12,-0.800766293787684,-0.930017058588833,-0.683182490847261,"Kuster (D NH-2)",155,"Ann","Kuster"
"NJ","1","D","M","N000188","",10,-0.791732697192708,-0.907918146232415,-0.666862383306229,"Norcross (D NJ-1)",156,"Donald","Norcross"
"TX","15","D","M","H000636","29763",179,-0.783511507489521,-0.916255653743692,-0.657457565859066,"Hinojosa (D TX-15)",157,"Rubén","Hinojosa"
"CO","7","D","M","P000593","20705",51,-0.78082114650619,-0.900977174292618,-0.661866734000573,"Perlmutter (D CO-7)",158,"Ed","Perlmutter"
"CO","2","D","M","P000598","20904",13,-0.75969101065288,-0.869029436308882,-0.645096217152181,"Polis (D CO-2)",159,"Jared","Polis"
"OR","4","D","M","D000191","15410",91,-0.757219652330972,-0.871581129338556,-0.635753230605608,"DeFazio (D OR-4)",160,"Peter","DeFazio"
"CA","26","D","F","B001285","21308",11,-0.730511312774985,-0.837117889178888,-0.61223186138312,"Brownley (D CA-26)",161,"Julia","Brownley"
"WI","3","D","M","K000188","29769",47,-0.714912028280675,-0.832123369505837,-0.610610097668138,"Kind (D WI-3)",162,"Ron","Kind"
"AL","7","D","F","S001185","21102",53,-0.70287345902593,-0.811116924411,-0.597148162079322,"Sewell (D AL-7)",163,"Terri","Sewell"
"GA","13","D","M","S001157","20321",33,-0.702819574246554,-0.810625070495072,-0.594991469088708,"Scott (D GA-13)",164,"David","Scott"
"CA","31","D","M","A000371","",46,-0.698086277944487,-0.804565781649602,-0.581931697594683,"Aguilar (D CA-31)",165,"Pete","Aguilar"
"CA","36","D","M","R000599","21311",58,-0.69791815959786,-0.810361381555278,-0.584394851417232,"Ruiz (D CA-36)",166,"Raul","Ruiz"
"FL","9","D","M","G000556","20908",31,-0.676913136575848,-0.77928136954313,-0.575479077333336,"Grayson (D FL-9)",167,"Alan","Grayson"
"MN","1","D","M","W000799","20726",8,-0.673495063981197,-0.772563107705622,-0.568330426950141,"Walz (D MN-1)",168,"Tim","Walz"
"MD","2","D","M","R000576","20329",56,-0.661948989551379,-0.772534091654496,-0.558404079203036,"Ruppersberger (D MD-2)",169,"C.A. Dutch","Ruppersberger"
"CA","7","D","M","B001287","21304",22,-0.661409273941425,-0.773745501219864,-0.564664991319891,"Bera (D CA-7)",170,"Ami","Bera"
"IL","17","D","F","B001286","21329",10,-0.659348183219704,-0.766335190122633,-0.562046379252271,"Bustos (D IL-17)",171,"Cheri","Bustos"
"NY","18","D","M","M001185","29379",19,-0.641199577957035,-0.746874927445676,-0.538529425029547,"Maloney (D NY-18)",172,"Sean","Maloney"
"MD","6","D","M","D000620","21334",15,-0.637103528876651,-0.742668673509078,-0.54009349419775,"Delaney (D MD-6)",173,"John","Delaney"
"TX","34","D","M","V000132","21366",14,-0.628965048489084,-0.722947007329901,-0.525781459868157,"Vela (D TX-34)",174,"Filemon","Vela"
"FL","18","D","M","M001191","21319",37,-0.581361646873912,-0.683510099483872,-0.483156382191078,"Murphy (D FL-18)",175,"Patrick","Murphy"
"TX","29","D","M","G000410","39304",22,-0.577744595313042,-0.673230667379194,-0.482204349711459,"Green (D TX-29)",176,"Gene","Green"
"CA","52","D","M","P000608","21315",19,-0.568294232801274,-0.666072266495201,-0.477114225057645,"Peters (D CA-52)",177,"Scott","Peters"
"AZ","1","D","F","K000368","20902",30,-0.567005889010801,-0.662636768376886,-0.469164767197067,"Kirkpatrick (D AZ-1)",178,"Ann","Kirkpatrick"
"GA","2","D","M","B000490","29339",20,-0.535489449235248,-0.633882388990588,-0.447855724578202,"Bishop Jr. (D GA-2)",179,"Sanford","Bishop Jr."
"TN","5","D","M","C000754","15019",9,-0.502094629003833,-0.5971148139602,-0.417317848963398,"Cooper (D TN-5)",180,"Jim","Cooper"
"IL","3","D","M","L000563","20508",33,-0.483390768117359,-0.571035992394549,-0.398161933875479,"Lipinski (D IL-3)",181,"Daniel","Lipinski"
"FL","2","D","F","G000575","",7,-0.467066873873428,-0.559091306871972,-0.381697955783196,"Graham (D FL-2)",182,"Gwen","Graham"
"OR","5","D","M","S001180","20944",25,-0.404834761973493,-0.479418116974456,-0.317231850057029,"Schrader (D OR-5)",183,"Kurt","Schrader"
"NE","2","D","M","A000373","",12,-0.33589678264886,-0.413632601392576,-0.257197850493563,"Ashford (D NE-2)",184,"Brad","Ashford"
"TX","28","D","M","C001063","20533",49,-0.312704764811929,-0.394218846158787,-0.238632214610238,"Cuellar (D TX-28)",185,"Henry","Cuellar"
"CA","16","D","M","C001059","20501",31,-0.310040750679584,-0.395215110050645,-0.239686708374084,"Costa (D CA-16)",186,"Jim","Costa"
"AZ","9","D","F","S001191","21300",36,-0.293942278263751,-0.36847472051533,-0.214316928145595,"Sinema (D AZ-9)",187,"Kyrsten","Sinema"
"MN","7","D","M","P000258","29127",11,-0.164434005712172,-0.235050185757156,-0.0933421133470783,"Peterson (D MN-7)",188,"Collin","Peterson"
"MS","1","R","M","N000186","21147",726,-0.024419535544347,-1.94457353993513,2.08561655252465,"Nunnelee (R MS-1)",189,"Alan","Nunnelee"
"NY","19","R","M","G000564","21156",13,0.181179123870721,0.103676541498214,0.248698763818467,"Gibson (R NY-19)",190,"Chris","Gibson"
"IL","10","R","M","D000613","",19,0.214405904260668,0.139505724423514,0.284225734027543,"Dold (R IL-10)",191,"Robert","Dold"
"NC","3","R","M","J000255","29546",27,0.240817287009143,0.161870601120159,0.315102275928425,"Jones (R NC-3)",192,"Walter","Jones"
"NY","22","R","M","H001051","21157",25,0.270101122527081,0.192544928955698,0.34615396966596,"Hanna (R NY-22)",193,"Richard","Hanna"
"FL","26","R","M","C001107","",21,0.284791657006226,0.211218501880544,0.36478553836024,"Curbelo (R FL-26)",194,"Carlos","Curbelo"
"NJ","2","R","M","L000554","29539",5,0.302099473090845,0.223041984089042,0.378278378640771,"LoBiondo (R NJ-2)",195,"Frank","LoBiondo"
"NY","24","R","M","K000386","",11,0.306850522615895,0.223577012357604,0.379541390074975,"Katko (R NY-24)",196,"John","Katko"
"PA","8","R","M","F000451","20524",23,0.312932572942032,0.230909867672045,0.390631414249635,"Fitzpatrick (R PA-8)",197,"Michael","Fitzpatrick"
"FL","27","R","F","R000435","15634",12,0.328109584139457,0.252004996598404,0.411305227486251,"Ros-Lehtinen (R FL-27)",198,"Ileana","Ros-Lehtinen"
"NY","21","R","F","S001196","",6,0.363816574952801,0.285994383652208,0.447764358185043,"Stefanik (R NY-21)",199,"Elise","Stefanik"
"PA","6","R","M","C001106","",12,0.367895083067509,0.281341370493409,0.449948881736055,"Costello (R PA-6)",200,"Ryan","Costello"
"NY","11","R","M","D000625","",247,0.375597471267335,0.282832499117599,0.469614076732657,"Donovan (R NY-11)",201,"Daniel","Donovan"
"NY","2","R","M","K000210","29375",12,0.38527406981429,0.304915656963318,0.471768829577653,"King (R NY-2)",202,"Peter","King"
"PA","15","R","M","D000604","20526",5,0.385472989206443,0.298731919593464,0.464337204649023,"Dent (R PA-15)",203,"Charlie","Dent"
"WA","8","R","M","R000578","20536",24,0.388935514988604,0.304153039353048,0.471905959773652,"Reichert (R WA-8)",204,"Dave","Reichert"
"NJ","3","R","M","M001193","",5,0.408008965923967,0.323124823149643,0.490014293685243,"MacArthur (R NJ-3)",205,"Tom","MacArthur"
"FL","13","R","M","J000296","",16,0.41113253125792,0.326255545291634,0.494131480499303,"Jolly (R FL-13)",206,"David","Jolly"
"PA","7","R","M","M001181","21168",8,0.415251281749822,0.325111682830576,0.497025059351927,"Meehan (R PA-7)",207,"Pat","Meehan"
"CA","10","R","M","D000612","21109",11,0.429172887321224,0.342262824941376,0.513102654328452,"Denham (R CA-10)",208,"Jeffrey","Denham"
"FL","25","R","M","D000600","20316",18,0.439252634442796,0.351803399408752,0.531675779804502,"Diaz-Balart (R FL-25)",209,"Mario","Diaz-Balart"
"NJ","4","R","M","S000522","14863",13,0.439484662810669,0.354700432170979,0.528030246769911,"Smith (R NJ-4)",210,"Christopher","Smith"
"IL","13","R","M","D000619","21328",21,0.45593185547017,0.363430157804195,0.541073387976039,"Davis (R IL-13)",211,"Rodney","Davis"
"NY","1","R","M","Z000017","",8,0.466262895966234,0.379594070530488,0.55830917158259,"Zeldin (R NY-1)",212,"Lee","Zeldin"
"OH","10","R","M","T000463","20342",21,0.483799277632023,0.386141747647472,0.571739826008204,"Turner (R OH-10)",213,"Michael","Turner"
"IL","16","R","M","K000378","21128",12,0.483881125283808,0.390134545779765,0.568363763993712,"Kinzinger (R IL-16)",214,"Adam","Kinzinger"
"IL","18","R","M","S001179","20914",601,0.490452734139407,0.330648555926792,0.64325555510648,"Schock (R IL-18)",215,"Aaron","Schock"
"MI","6","R","M","U000031","15446",5,0.500403389943706,0.410291590329506,0.592094347308861,"Upton (R MI-6)",216,"Fred","Upton"
"AZ","2","R","F","M001197","",5,0.501762572435763,0.415505752674366,0.587937615282406,"McSally (R AZ-2)",217,"Martha","McSally"
"PA","5","R","M","T000467","20946",7,0.503444686216119,0.415776348729964,0.59309027240368,"Thompson (R PA-5)",218,"Glenn","Thompson"
"AK","1","R","M","Y000033","14066",65,0.50449363203793,0.415403711096523,0.594686651804445,"Young (R AK-1)",219,"Don","Young"
"NY","23","R","M","R000585","21101",10,0.504640362855181,0.417288569934022,0.593806815567922,"Reed (R NY-23)",220,"Tom","Reed"
"CA","21","R","M","V000129","21307",10,0.505955537527439,0.423205485725158,0.603633829980263,"Valadao (R CA-21)",221,"David","Valadao"
"OH","14","R","M","J000295","21353",23,0.507636202211771,0.411746233409804,0.599034100088444,"Joyce (R OH-14)",222,"Dave","Joyce"
"NJ","11","R","M","F000372","29541",10,0.519740731902678,0.427423257467276,0.614097151823659,"Frelinghuysen (R NJ-11)",223,"Rodney","Frelinghuysen"
"ID","2","R","M","S001148","29910",17,0.5257899537968,0.434882198166405,0.618872946846287,"Simpson (R ID-2)",224,"Mike","Simpson"
"IL","12","R","M","B001295","",12,0.526318474145134,0.432584301160191,0.617496776958173,"Bost (R IL-12)",225,"Mike","Bost"
"WA","3","R","F","H001056","21187",58,0.52632461065145,0.42548860601665,0.610413014153184,"Herrera Beutler (R WA-3)",226,"Jaime","Herrera Beutler"
"MI","3","R","M","A000367","21143",7,0.529644779949908,0.444255576164594,0.625628843075493,"Amash (R MI-3)",227,"Justin","Amash"
"VA","2","R","M","R000589","21185",7,0.541597240697213,0.455309455398922,0.634536163924988,"Rigell (R VA-2)",228,"Scott","Rigell"
"VA","10","R","F","C001105","",16,0.544954837461123,0.445262471403596,0.638507523391173,"Comstock (R VA-10)",229,"Barbara","Comstock"
"OK","4","R","M","C001053","20344",16,0.548123695484281,0.452612505660457,0.639496475663597,"Cole (R OK-4)",230,"Tom","Cole"
"WV","3","R","M","J000297","",22,0.550681213433456,0.464330262413436,0.646261362552896,"Jenkins (R WV-3)",231,"Evan","Jenkins"
"PA","11","R","M","B001269","21171",45,0.554341083072959,0.460124185091738,0.647915915138122,"Barletta (R PA-11)",232,"Lou","Barletta"
"KY","1","R","M","W000413","29525",25,0.555456213477941,0.467411706864038,0.655406294725592,"Whitfield (R KY-1)",233,"Edward","Whitfield"
"OH","8","R","M","B000589","15806",713,0.563701792726385,0.198726867749032,0.958999972359878,"Boehner (R OH-8)",234,"John","Boehner"
"WV","1","R","M","M001180","21188",12,0.564407142265579,0.470087171067513,0.654454717334311,"McKinley (R WV-1)",235,"David","McKinley"
"KY","4","R","M","M001184","31102",7,0.569741289855185,0.478614042376815,0.657809704448229,"Massie (R KY-4)",236,"Thomas","Massie"
"OH","15","R","M","S001187","21163",31,0.573734346389618,0.48518959666805,0.670103365969062,"Stivers (R OH-15)",237,"Steve","Stivers"
"OR","2","R","M","W000791","29932",12,0.579175742482157,0.48002847132,0.678058978279092,"Walden (R OR-2)",238,"Greg","Walden"
"CA","42","R","M","C000059","29323",10,0.58017117442395,0.480570114749633,0.675020725398984,"Calvert (R CA-42)",239,"Ken","Calvert"
"NE","1","R","M","F000449","20518",20,0.581924203689954,0.488426909328496,0.671947712158326,"Fortenberry (R NE-1)",240,"Jeff","Fortenberry"
"PA","18","R","M","M001151","20346",9,0.594152156067151,0.501883944069376,0.691803319545268,"Murphy (R PA-18)",241,"Tim","Murphy"
"PA","9","R","M","S001154","20134",10,0.597000879203547,0.508109320441052,0.701557944479454,"Shuster (R PA-9)",242,"Bill","Shuster"
"NY","27","R","M","C001092","21345",14,0.601131168550014,0.501771650732016,0.691964460445877,"Collins (R NY-27)",243,"Chris","Collins"
"KY","5","R","M","R000395","14854",11,0.603209321333953,0.501862006747593,0.701559299913498,"Rogers (R KY-5)",244,"Harold","Rogers"
"PA","3","R","M","K000376","21167",6,0.607709863167993,0.508516129134524,0.703613978067166,"Kelly (R PA-3)",245,"Mike","Kelly"
"OH","12","R","M","T000462","20130",22,0.610652983696706,0.514637973886656,0.712339754341261,"Tiberi (R OH-12)",246,"Pat","Tiberi"
"TN","2","R","M","D000533","15455",19,0.612361547891873,0.520467220458025,0.704268607021218,"Duncan Jr. (R TN-2)",247,"John","Duncan Jr."
"FL","16","R","M","B001260","20709",38,0.612574613998929,0.507939676581521,0.704812460010066,"Buchanan (R FL-16)",248,"Vern","Buchanan"
"NC","2","R","F","E000291","21159",54,0.615924237763298,0.516664067283631,0.720145256380395,"Ellmers (R NC-2)",249,"Renee","Ellmers"
"NV","2","R","M","A000369","21196",50,0.617849378110089,0.522496614584461,0.714828749531818,"Amodei (R NV-2)",250,"Mark","Amodei"
"WA","4","R","M","N000189","",6,0.619065877728558,0.527257399750018,0.71893998173233,"Newhouse (R WA-4)",251,"Dan","Newhouse"
"FL","4","R","M","C001045","20111",9,0.621166672288603,0.523931343520907,0.724270231510839,"Crenshaw (R FL-4)",252,"Ander","Crenshaw"
"MO","6","R","M","G000546","20124",61,0.622107210720489,0.524349123008503,0.724263546897135,"Graves (R MO-6)",253,"Sam","Graves"
"MI","1","R","M","B001271","21141",6,0.625099657143623,0.519679684991743,0.717531439594658,"Benishek (R MI-1)",254,"Dan","Benishek"
"NJ","7","R","M","L000567","20929",5,0.626795978002485,0.522778339187368,0.714903680622523,"Lance (R NJ-7)",255,"Leonard","Lance"
"OK","3","R","M","L000491","29393",9,0.630928051779379,0.529762887036692,0.729459651252253,"Lucas (R OK-3)",256,"Frank","Lucas"
"IL","15","R","M","S000364","29718",10,0.633400590308669,0.535818120033653,0.732539766281237,"Shimkus (R IL-15)",257,"John","Shimkus"
"PA","10","R","M","M001179","21170",17,0.633741700984385,0.534945579879004,0.732686588397117,"Marino (R PA-10)",258,"Tom","Marino"
"LA","3","R","M","B001255","20514",5,0.6396199862096,0.543909689052424,0.74164114011214,"Boustany Jr. (R LA-3)",259,"Charles","Boustany Jr."
"MT","1","R","M","Z000018","",17,0.641250325609787,0.543591284809138,0.734831681089701,"Zinke (R MT-1)",260,"Ryan","Zinke"
"NV","4","R","M","H001070","",7,0.642715477534521,0.55325889881615,0.742016861247931,"Hardy (R NV-4)",261,"Cresent","Hardy"
"NV","3","R","M","H001055","21151",26,0.64704535841439,0.54992532538993,0.746283972831796,"Heck (R NV-3)",262,"Joe","Heck"
"CA","22","R","M","N000181","20307",7,0.648791425780988,0.557836342198898,0.748158232018378,"Nunes (R CA-22)",263,"Devin","Nunes"
"OH","16","R","M","R000586","21164",8,0.650475055427872,0.55246440957625,0.751420232881965,"Renacci (R OH-16)",264,"Jim","Renacci"
"SC","1","R","M","S000051","29565",24,0.651759880560384,0.56111382647994,0.756458341659896,"Sanford (R SC-1)",265,"Mark","Sanford"
"MS","3","R","M","H001045","20925",11,0.651760415995704,0.545696650803724,0.74731740765612,"Harper (R MS-3)",266,"Gregg","Harper"
"AR","3","R","M","W000809","21108",5,0.652177206036742,0.548255923551159,0.748558098832537,"Womack (R AR-3)",267,"Steve","Womack"
"VA","9","R","M","G000568","21191",15,0.656180369589962,0.561499030062819,0.754001452416971,"Griffith (R VA-9)",268,"Morgan","Griffith"
"ME","2","R","M","P000611","",9,0.657366757579257,0.553265705570194,0.756786681305329,"Poliquin (R ME-2)",269,"Bruce","Poliquin"
"MI","10","R","F","M001150","20331",27,0.659556067792097,0.565130149568947,0.765881004446677,"Miller (R MI-10)",270,"Candice","Miller"
"IN","8","R","M","B001275","21132",10,0.660122657087689,0.558594799936544,0.759010734259327,"Bucshon (R IN-8)",271,"Larry","Bucshon"
"ND","1","R","M","C001096","21350",23,0.663786970471846,0.562155508590011,0.767328282586954,"Cramer (R ND-1)",272,"Kevin","Cramer"
"IN","5","R","F","B001284","21331",13,0.665366029432817,0.561471308034168,0.762328310065929,"Brooks (R IN-5)",273,"Susan","Brooks"
"NH","1","R","M","G000570","",10,0.671884318358469,0.574501027542519,0.784650878767779,"Guinta (R NH-1)",274,"Frank","Guinta"
"MN","3","R","M","P000594","20924",11,0.672304585410571,0.572957330521333,0.775731135676045,"Paulsen (R MN-3)",275,"Erik","Paulsen"
"MI","11","R","M","T000475","",9,0.679790825448193,0.574298913552076,0.78031657130584,"Trott (R MI-11)",276,"Dave","Trott"
"MN","6","R","M","E000294","",10,0.691614083467804,0.600168251535789,0.793741096125956,"Emmer (R MN-6)",277,"Tom","Emmer"
"IL","18","R","M","L000585","",499,0.700482630184031,0.549131017108106,0.848333680523628,"LaHood (R IL-18)",278,"Darin","LaHood"
"MN","2","R","M","K000363","20333",6,0.700894147236085,0.597196659028623,0.807523177175352,"Kline (R MN-2)",279,"John","Kline"
"CA","45","R","F","W000820","",10,0.704006648270578,0.605221483118118,0.814368040286408,"Walters (R CA-45)",280,"Mimi","Walters"
"OH","6","R","M","J000292","21162",8,0.705038754308124,0.609310590112118,0.806538517330357,"Johnson (R OH-6)",281,"Bill","Johnson"
"AL","3","R","M","R000575","20301",16,0.710890874858347,0.60916462502639,0.818076374331892,"Rogers (R AL-3)",282,"Mike","Rogers"
"CA","25","R","M","K000387","",17,0.714125390999594,0.613640855660137,0.816892528098314,"Knight (R CA-25)",283,"Steve","Knight"
"CA","8","R","M","C001094","21305",8,0.718030450867396,0.607598919802331,0.812680371603829,"Cook (R CA-8)",284,"Paul","Cook"
"WA","5","R","F","M001159","20535",9,0.720211639002335,0.609439793187194,0.81979981539223,"McMorris Rodgers (R WA-5)",285,"Cathy","McMorris Rodgers"
"TX","12","R","F","G000377","29762",34,0.725165374484627,0.626391598908489,0.834233185644571,"Granger (R TX-12)",286,"Kay","Granger"
"MO","3","R","M","L000569","20926",10,0.732744284652905,0.630187803231331,0.835742697852437,"Luetkemeyer (R MO-3)",287,"Blaine","Luetkemeyer"
"AR","1","R","M","C001087","21106",41,0.733463839564268,0.632038136961583,0.839547111908444,"Crawford (R AR-1)",288,"Rick","Crawford"
"AL","4","R","M","A000055","29701",16,0.749365480082938,0.63845687156915,0.851937938678044,"Aderholt (R AL-4)",289,"Robert","Aderholt"
"AL","5","R","M","B001274","21193",8,0.757392917844491,0.651641011420728,0.86081258809687,"Brooks (R AL-5)",290,"Mo","Brooks"
"MI","4","R","M","M001194","",17,0.759010591182407,0.652864532748857,0.8638847490045,"Moolenaar (R MI-4)",291,"John","Moolenaar"
"OK","5","R","M","R000604","",14,0.762443224090211,0.657906625314554,0.868729294067896,"Russell (R OK-5)",292,"Steve","Russell"
"WI","8","R","M","R000587","21190",28,0.762900932675236,0.661879766812997,0.874149921989685,"Ribble (R WI-8)",293,"Reid","Ribble"
"OK","2","R","M","M001190","21355",7,0.764409609802165,0.655033951897635,0.871570423790559,"Mullin (R OK-2)",294,"Markwayne","Mullin"
"AL","2","R","F","R000591","21192",5,0.764511004044078,0.661749248833258,0.874319707658222,"Roby (R AL-2)",295,"Martha","Roby"
"TX","23","R","M","H001073","",7,0.766529620803745,0.660692279132424,0.875334431509114,"Hurd (R TX-23)",296,"Will","Hurd"
"MI","8","R","M","B001293","",15,0.770775581016741,0.660907608089695,0.874804857398167,"Bishop (R MI-8)",297,"Mike","Bishop"
"MO","2","R","F","W000812","21337",67,0.778067127655688,0.66303129202008,0.891213693316511,"Wagner (R MO-2)",298,"Ann","Wagner"
"CO","6","R","M","C001077","20906",13,0.782877739194067,0.678329644146917,0.885590918255287,"Coffman (R CO-6)",299,"Mike","Coffman"
"FL","7","R","M","M000689","29331",8,0.786372802604205,0.680460687341033,0.894056738691489,"Mica (R FL-7)",300,"John","Mica"
"IL","6","R","M","R000580","20715",57,0.788499990872235,0.674662892592718,0.893199737837081,"Roskam (R IL-6)",301,"Peter","Roskam"
"CA","39","R","M","R000487","29321",17,0.798660702939963,0.70002223601427,0.912382411412474,"Royce (R CA-39)",302,"Ed","Royce"
"SD","1","R","F","N000184","21177",26,0.80908828687001,0.700736362419567,0.916028639428829,"Noem (R SD-1)",303,"Kristi","Noem"
"PA","16","R","M","P000373","29752",17,0.810331932391118,0.696138519380771,0.911628889963741,"Pitts (R PA-16)",304,"Joe","Pitts"
"FL","17","R","M","R000583","20910",18,0.816969759110976,0.700778621493075,0.918260077286409,"Rooney (R FL-17)",305,"Tom","Rooney"
"SC","7","R","M","R000597","21359",9,0.818113855567019,0.709868304292983,0.93020886682404,"Rice (R SC-7)",306,"Tom","Rice"
"TN","8","R","M","F000458","21181",83,0.824087736026968,0.708546054802923,0.94543556203655,"Fincher (R TN-8)",307,"Stephen","Fincher"
"OH","7","R","M","G000563","21165",13,0.825922896737075,0.716089537342826,0.936149574911616,"Gibbs (R OH-7)",308,"Bob","Gibbs"
"IL","14","R","M","H001059","21129",20,0.828583794380302,0.712871209268731,0.936433615753088,"Hultgren (R IL-14)",309,"Randy","Hultgren"
"TX","13","R","M","T000238","29572",7,0.830429043723228,0.716167594077667,0.940216054727095,"Thornberry (R TX-13)",310,"William","Thornberry"
"IN","2","R","F","W000813","21330",24,0.835446705913378,0.717670924204784,0.944668997504322,"Walorski (R IN-2)",311,"Jackie","Walorski"
"IA","3","R","M","Y000066","",5,0.837501099227279,0.731123964322215,0.947669544049341,"Young (R IA-3)",312,"David","Young"
"MS","1","R","M","K000388","",338,0.838024406809735,0.698588327192114,0.969950329783685,"Kelly (R MS-1)",313,"Trent","Kelly"
"MS","4","R","M","P000601","21148",14,0.84129778643669,0.732656957949816,0.955990994136789,"Palazzo (R MS-4)",314,"Steven","Palazzo"
"IA","1","R","M","B001294","",21,0.84284743186414,0.731810019558709,0.950140738885801,"Blum (R IA-1)",315,"Rod","Blum"
"CA","50","R","M","H001048","20963",14,0.845118346024607,0.734221393114674,0.96049333535587,"Hunter (R CA-50)",316,"Duncan","Hunter"
"TX","6","R","M","B000213","15085",32,0.846518573112392,0.725941577165741,0.95451383993566,"Barton (R TX-6)",317,"Joe","Barton"
"LA","6","R","M","G000577","",7,0.84780002372816,0.73793361116415,0.968975295279973,"Graves (R LA-6)",318,"Garret","Graves"
"NM","2","R","M","P000588","20337",23,0.847811738257209,0.735987123803789,0.964165014333028,"Pearce (R NM-2)",319,"Steve","Pearce"
"CA","49","R","M","I000056","20107",15,0.848991189947472,0.746047109259389,0.958863489845694,"Issa (R CA-49)",320,"Darrell","Issa"
"TX","2","R","M","P000592","20528",15,0.853491002695039,0.744605099509631,0.973000779513551,"Poe (R TX-2)",321,"Ted","Poe"
"MO","4","R","F","H001053","21149",12,0.854714989649231,0.739011389430012,0.961729364343518,"Hartzler (R MO-4)",322,"Vicky","Hartzler"
"MO","7","R","M","L000576","21150",58,0.857380688844984,0.744779848797009,0.988201468062022,"Long (R MO-7)",323,"Billy","Long"
"WI","5","R","M","S000244","14657",5,0.857610471280783,0.744577230732481,0.969132799814424,"Sensenbrenner (R WI-5)",324,"F.","Sensenbrenner"
"AR","2","R","M","H001072","",6,0.859453468727696,0.754069979236322,0.979045883363937,"Hill (R AR-2)",325,"French","Hill"
"AL","1","R","M","B001289","",29,0.868785935111546,0.758429017262072,0.987707594850593,"Byrne (R AL-1)",326,"Bradley","Byrne"
"LA","5","R","M","A000374","",7,0.876374709432511,0.764191529131452,0.996309062618957,"Abraham (R LA-5)",327,"Ralph","Abraham"
"FL","10","R","M","W000806","21116",45,0.881065666291852,0.765515501658765,0.995067402236022,"Webster (R FL-10)",328,"Daniel","Webster"
"CA","48","R","M","R000409","15621",39,0.883576396928789,0.765116827020327,0.993876922593088,"Rohrabacher (R CA-48)",329,"Dana","Rohrabacher"
"IN","9","R","M","Y000064","21133",40,0.884171582781886,0.767369911270055,1.00012415090052,"Young (R IN-9)",330,"Todd","Young"
"WI","6","R","M","G000576","",11,0.891577551961017,0.780080066770375,1.01015329092163,"Grothman (R WI-6)",331,"Glenn","Grothman"
"FL","11","R","M","N000185","21115",60,0.892952742907198,0.766301336174866,1.00667517637168,"Nugent (R FL-11)",332,"Richard","Nugent"
"WI","1","R","M","R000570","29939",153,0.894064592617127,0.76837938793846,1.02497425807077,"Ryan (R WI-1)",333,"Paul","Ryan"
"TX","7","R","M","C001048","20139",58,0.894329853226045,0.776347402365413,1.01293471321135,"Culberson (R TX-7)",334,"John","Culberson"
"SC","2","R","M","W000795","20138",25,0.899015310785992,0.792406839670281,1.02262532990106,"Wilson (R SC-2)",335,"Joe","Wilson"
"CA","23","R","M","M001165","20703",5,0.902370973718557,0.782009596323567,1.01759247596657,"McCarthy (R CA-23)",336,"Kevin","McCarthy"
"FL","15","R","M","R000593","21117",6,0.904502700327769,0.788563437682885,1.023638555735,"Ross (R FL-15)",337,"Dennis","Ross"
"CO","3","R","M","T000470","21111",15,0.908127596352011,0.794632410604891,1.02573163545469,"Tipton (R CO-3)",338,"Scott","Tipton"
"WV","2","R","M","M001195","",15,0.912694231220731,0.792903823811917,1.0266093372484,"Mooney (R WV-2)",339,"Alex","Mooney"
"KY","6","R","M","B001282","21333",11,0.913709288211002,0.794605588214468,1.0371046970912,"Barr (R KY-6)",340,"Andy","Barr"
"NC","10","R","M","M001156","20522",9,0.915518872841716,0.793876334985624,1.03031494555251,"McHenry (R NC-10)",341,"Patrick","McHenry"
"TX","8","R","M","B000755","29760",41,0.916795616872922,0.786594722507102,1.03243471364133,"Brady (R TX-8)",342,"Kevin","Brady"
"AR","4","R","M","W000821","",7,0.917112144827669,0.79921919067088,1.03595771478341,"Westerman (R AR-4)",343,"Bruce","Westerman"
"ID","1","R","M","L000573","21125",26,0.919068412678203,0.798897725421189,1.02950059122309,"Labrador (R ID-1)",344,"Raul","Labrador"
"IN","4","R","M","R000592","21131",20,0.920772826303641,0.803581297416978,1.03596106715513,"Rokita (R IN-4)",345,"Todd","Rokita"
"MI","7","R","M","W000798","20725",12,0.925202547205513,0.803379912242583,1.0449336696356,"Walberg (R MI-7)",346,"Tim","Walberg"
"VA","1","R","M","W000804","20756",12,0.92646490335158,0.810538837186842,1.04549290847031,"Wittman (R VA-1)",347,"Robert","Wittman"
"GA","1","R","M","C001103","",8,0.93005997802301,0.813487215901728,1.05900570449269,"Carter (R GA-1)",348,"Buddy","Carter"
"SC","5","R","M","M001182","21176",33,0.933251562457426,0.823437940806517,1.05740530342385,"Mulvaney (R SC-5)",349,"Mick","Mulvaney"
"TX","31","R","M","C001051","20356",76,0.93402881585195,0.813067591022386,1.05946704418737,"Carter (R TX-31)",350,"John","Carter"
"FL","8","R","M","P000599","20909",11,0.939308806224993,0.807368108735084,1.05517124713729,"Posey (R FL-8)",351,"Bill","Posey"
"FL","19","R","M","C001102","",67,0.942025209233962,0.819786289395132,1.06806342067517,"Clawson (R FL-19)",352,"Curt","Clawson"
"FL","3","R","M","Y000065","21317",16,0.943779975709884,0.828350169908975,1.07043986204125,"Yoho (R FL-3)",353,"Ted","Yoho"
"VA","4","R","M","F000445","20143",20,0.945470524258887,0.825187878601491,1.07199160067401,"Forbes (R VA-4)",354,"J.","Forbes"
"PA","12","R","M","R000598","21357",8,0.947868046483746,0.821838924523896,1.06473176839247,"Rothfus (R PA-12)",355,"Keith","Rothfus"
"AZ","5","R","M","S000018","29500",9,0.948979597259934,0.829292171407319,1.06891479277275,"Salmon (R AZ-5)",356,"Matt","Salmon"
"NC","5","R","F","F000450","20521",6,0.958241957514946,0.838053196173091,1.08008694826773,"Foxx (R NC-5)",357,"Virginia","Foxx"
"TX","10","R","M","M001157","20530",5,0.960732164614107,0.841385060387745,1.08878997842211,"McCaul (R TX-10)",358,"Michael","McCaul"
"TN","3","R","M","F000459","21178",15,0.964666405477964,0.840970431771613,1.09576730510764,"Fleischmann (R TN-3)",359,"Chuck","Fleischmann"
"TX","27","R","M","F000460","21184",13,0.968116282060023,0.841356377133581,1.08878691397597,"Farenthold (R TX-27)",360,"Blake","Farenthold"
"LA","1","R","M","S001176","20759",13,0.97164586536369,0.850136909519042,1.09814295989467,"Scalise (R LA-1)",361,"Steve","Scalise"
"KY","2","R","M","G000558","20916",8,0.972182157829119,0.840654874276273,1.09224612813768,"Guthrie (R KY-2)",362,"Brett","Guthrie"
"FL","12","R","M","B001257","20758",12,0.982742464290047,0.85382168989607,1.10615789516022,"Bilirakis (R FL-12)",363,"Gus","Bilirakis"
"UT","1","R","M","B001250","20357",37,0.983074753548363,0.859965815785093,1.11619635346987,"Bishop (R UT-1)",364,"Rob","Bishop"
"NC","11","R","M","M001187","21348",18,0.997741206122155,0.869770477245513,1.13695223562897,"Meadows (R NC-11)",365,"Mark","Meadows"
"NJ","5","R","M","G000548","20336",16,0.997858926307685,0.872561348827603,1.13297674508649,"Garrett (R NJ-5)",366,"Scott","Garrett"
"KS","3","R","M","Y000063","21135",22,0.998618695120424,0.877335418572776,1.1297936608253,"Yoder (R KS-3)",367,"Kevin","Yoder"
"OK","1","R","M","B001283","21354",15,0.998960241068567,0.879506988588903,1.13334537333128,"Bridenstine (R OK-1)",368,"Jim","Bridenstine"
"PA","4","R","M","P000605","21356",12,1.00266393631559,0.876891806247628,1.13019586860112,"Perry (R PA-4)",369,"Scott","Perry"
"AZ","6","R","M","S001183","21105",10,1.00340850801013,0.87619548235517,1.13165083096666,"Schweikert (R AZ-6)",370,"David","Schweikert"
"WY","1","R","F","L000571","20953",30,1.00552494820436,0.883225996880704,1.14367434915399,"Lummis (R WY-1)",371,"Cynthia","Lummis"
"UT","2","R","M","S001192","21367",37,1.00553407650734,0.880800615839531,1.15376269716251,"Stewart (R UT-2)",372,"Chris","Stewart"
"VA","6","R","M","G000289","39308",7,1.00561795521442,0.876255743735746,1.13355443227926,"Goodlatte (R VA-6)",373,"Robert","Goodlatte"
"KS","2","R","F","J000290","20915",9,1.00580921488793,0.878549816696402,1.13756711127332,"Jenkins (R KS-2)",374,"Lynn","Jenkins"
"TX","14","R","M","W000814","21360",7,1.01160863684031,0.881296380117671,1.13555070333077,"Weber (R TX-14)",375,"Randy","Weber"
"GA","7","R","M","W000810","21122",20,1.0138517545816,0.878287269794867,1.14556520665832,"Woodall (R GA-7)",376,"Rob","Woodall"
"CO","4","R","M","B001297","",64,1.01787123057327,0.875353998234227,1.15517719178771,"Buck (R CO-4)",377,"Ken","Buck"
"KS","1","R","M","H001057","21134",14,1.01916498961477,0.897595804922073,1.15303646530975,"Huelskamp (R KS-1)",378,"Tim","Huelskamp"
"NC","9","R","M","P000606","21347",19,1.02300984753151,0.88442933307913,1.15526483699294,"Pittenger (R NC-9)",379,"Robert","Pittenger"
"IA","4","R","M","K000362","20325",43,1.02440987770902,0.903117261965279,1.15744242126611,"King (R IA-4)",380,"Steve","King"
"IN","6","R","M","M001189","21332",11,1.02546567770158,0.89689107779034,1.16603274229648,"Messer (R IN-6)",381,"Luke","Messer"
"WI","7","R","M","D000614","21189",17,1.02639362467159,0.88930446742821,1.14529752927632,"Duffy (R WI-7)",382,"Sean","Duffy"
"OH","5","R","M","L000566","20755",5,1.03652374585626,0.90126267017461,1.17454311057215,"Latta (R OH-5)",383,"Robert","Latta"
"VA","5","R","M","H001060","21186",26,1.04515602244387,0.921065852639554,1.19269596811562,"Hurt (R VA-5)",384,"Robert","Hurt"
"NE","3","R","M","S001172","20729",11,1.04859497729862,0.903590370384353,1.18394077145778,"Smith (R NE-3)",385,"Adrian","Smith"
"CA","1","R","M","L000578","21302",16,1.04999004447467,0.904255957064653,1.1788961167232,"LaMalfa (R CA-1)",386,"Doug","LaMalfa"
"TX","1","R","M","G000552","20527",53,1.06135156867465,0.910927527467978,1.1996428874929,"Gohmert (R TX-1)",387,"Louie","Gohmert"
"TX","26","R","M","B001248","20355",7,1.0772710796571,0.923176183627059,1.21509565237417,"Burgess (R TX-26)",388,"Michael","Burgess"
"GA","3","R","M","W000796","20506",39,1.09372502604226,0.945104081690406,1.23249981374252,"Westmoreland (R GA-3)",389,"Lynn","Westmoreland"
"UT","3","R","M","C001076","20949",35,1.09387560377587,0.95187808175515,1.23767678520864,"Chaffetz (R UT-3)",390,"Jason","Chaffetz"
"TN","1","R","M","R000582","20947",113,1.10101915528925,0.946748433437758,1.25797802679845,"Roe (R TN-1)",391,"Phil","Roe"
"NC","7","R","M","R000603","",7,1.10330168876263,0.952074253181241,1.24842382575144,"Rouzer (R NC-7)",392,"David","Rouzer"
"UT","4","R","F","L000584","",13,1.10925580781563,0.970407766093554,1.25726896325676,"Love (R UT-4)",393,"Mia","Love"
"TX","21","R","M","S000583","15445",18,1.11098668192364,0.969860067113354,1.25982915497116,"Smith (R TX-21)",394,"Lamar","Smith"
"SC","3","R","M","D000615","21174",29,1.11126644104898,0.96402143706578,1.25257126155954,"Duncan (R SC-3)",395,"Jeffrey","Duncan"
"MD","1","R","M","H001052","21139",15,1.11648565435917,0.967330433111847,1.2641912561614,"Harris (R MD-1)",396,"Andy","Harris"
"AZ","4","R","M","G000565","21103",46,1.12625033673044,0.972508616949385,1.27292087675504,"Gosar (R AZ-4)",397,"Paul","Gosar"
"TX","24","R","M","M001158","20532",48,1.14773595040951,0.997893233968428,1.31624237916558,"Marchant (R TX-24)",398,"Kenny","Marchant"
"NC","6","R","M","W000819","",9,1.14871314852806,1.00279329428351,1.31039828263473,"Walker (R NC-6)",399,"Mark","Walker"
"CA","4","R","M","M001177","20903",11,1.14984376991805,0.998619184705103,1.31298307737967,"McClintock (R CA-4)",400,"Tom","McClintock"
"GA","6","R","M","P000591","20505",27,1.15130590848266,0.989747221446518,1.29847000285909,"Price (R GA-6)",401,"Tom","Price"
"GA","12","R","M","A000372","",7,1.15163154604833,0.997946753240908,1.315333794835,"Allen (R GA-12)",402,"Rick","Allen"
"TX","32","R","M","S000250","29759",14,1.15923704228825,1.0075857801147,1.32828021907876,"Sessions (R TX-32)",403,"Pete","Sessions"
"LA","4","R","M","F000456","20918",14,1.16107977123032,0.995639962538869,1.31779652943448,"Fleming (R LA-4)",404,"John","Fleming"
"OH","2","R","M","W000815","21351",8,1.16255799555709,0.998652149405473,1.31547388179706,"Wenstrup (R OH-2)",405,"Brad","Wenstrup"
"GA","8","R","M","S001189","21123",23,1.16559295613306,1.01688993425274,1.33436407174666,"Scott (R GA-8)",406,"Austin","Scott"
"TX","11","R","M","C001062","20531",5,1.16678858196668,1.00322024646745,1.32857544013152,"Conaway (R TX-11)",407,"K.","Conaway"
"MO","8","R","M","S001195","21373",15,1.17048997327985,1.00504796570165,1.33130299723917,"Smith (R MO-8)",408,"Jason","Smith"
"TN","6","R","F","B001273","21180",20,1.17844051187775,1.02214359403158,1.35339008139173,"Black (R TN-6)",409,"Diane","Black"
"TX","22","R","M","O000168","20948",22,1.17921910688596,1.03140737570488,1.35217020220967,"Olson (R TX-22)",410,"Pete","Olson"
"GA","11","R","M","L000583","",22,1.1850836353709,1.02364443238178,1.36798593808416,"Loudermilk (R GA-11)",411,"Barry","Loudermilk"
"TX","25","R","M","W000816","21364",62,1.20267854560475,1.03430670012694,1.39539486496885,"Williams (R TX-25)",412,"Roger","Williams"
"AZ","8","R","M","F000448","20304",22,1.20503685481374,1.04285303078261,1.36690263664081,"Franks (R AZ-8)",413,"Trent","Franks"
"MI","2","R","M","H001058","21142",11,1.21328504066557,1.05094992205341,1.39058839948684,"Huizenga (R MI-2)",414,"Bill","Huizenga"
"SC","4","R","M","G000566","21175",51,1.22923168116348,1.05907713517489,1.41232764223111,"Gowdy (R SC-4)",415,"Trey","Gowdy"
"OH","4","R","M","J000289","20738",14,1.23402293950395,1.04510892696397,1.41072326736967,"Jordan (R OH-4)",416,"Jim","Jordan"
"CO","5","R","M","L000564","20704",24,1.23538008292767,1.05121495175692,1.42367031418593,"Lamborn (R CO-5)",417,"Doug","Lamborn"
"TX","17","R","M","F000461","21182",13,1.23744619876131,1.06249263653542,1.41439815593908,"Flores (R TX-17)",418,"Bill","Flores"
"GA","14","R","M","G000560","20962",21,1.24785880315119,1.08153960835668,1.44496146867389,"Graves (R GA-14)",419,"Tom","Graves"
"FL","1","R","M","M001144","20110",35,1.25551176492903,1.06505983510332,1.43146607141715,"Miller (R FL-1)",420,"Jeff","Miller"
"FL","6","R","M","D000621","21318",21,1.25711106601116,1.07019745977445,1.44585963789934,"DeSantis (R FL-6)",421,"Ron","DeSantis"
"TN","4","R","M","D000616","21179",25,1.26530759646518,1.08285829955292,1.45595013747832,"DesJarlais (R TN-4)",422,"Scott","DesJarlais"
"OH","1","R","M","C000266","29550",5,1.27448808327988,1.07459807785559,1.47233499037194,"Chabot (R OH-1)",423,"Steven","Chabot"
"KS","4","R","M","P000602","21136",18,1.28016003797722,1.0949121415603,1.4793813335251,"Pompeo (R KS-4)",424,"Mike","Pompeo"
"GA","9","R","M","C001093","21323",16,1.29504579391893,1.09650641521835,1.49153564681119,"Collins (R GA-9)",425,"Doug","Collins"
"NC","13","R","M","H001065","21349",9,1.29663940769439,1.1086555847319,1.49337575992231,"Holding (R NC-13)",426,"George","Holding"
"VA","7","R","M","B001290","",14,1.29796888745569,1.10958287694618,1.4925901877983,"Brat (R VA-7)",427,"David","Brat"
"IN","3","R","M","S001188","21100",21,1.30365208133086,1.10232309287074,1.49514645862943,"Stutzman (R IN-3)",428,"Marlin","Stutzman"
"NC","8","R","M","H001067","21346",65,1.31606787754211,1.12616861902196,1.52514429889213,"Hudson (R NC-8)",429,"Richard","Hudson"
"TN","7","R","F","B001243","20351",21,1.34915507480094,1.14275975374048,1.55713422514635,"Blackburn (R TN-7)",430,"Marsha","Blackburn"
"TX","3","R","M","J000174","29143",47,1.37173880906936,1.16020183178338,1.60222814487802,"Johnson (R TX-3)",431,"Sam","Johnson"
"GA","10","R","M","H001071","",13,1.38306746719243,1.15809725998259,1.59406644495647,"Hice (R GA-10)",432,"Jody","Hice"
"TX","36","R","M","B001291","",11,1.39170173267007,1.17003385349771,1.60813114754883,"Babin (R TX-36)",433,"Brian","Babin"
"TX","5","R","M","H001036","20352",5,1.39301039808953,1.18244651732824,1.63414980258425,"Hensarling (R TX-5)",434,"Jeb","Hensarling"
"AL","6","R","M","P000609","",6,1.43518174035297,1.19249363859225,1.65946871324948,"Palmer (R AL-6)",435,"Gary","Palmer"
"TX","19","R","M","N000182","20353",12,1.48776093173965,1.25309012436558,1.74853433174207,"Neugebauer (R TX-19)",436,"Randy","Neugebauer"
"TX","4","R","M","R000601","",7,1.67032071335566,1.39936012280402,2.00554730417592,"Ratcliffe (R TX-4)",437,"John","Ratcliffe"
